Date,Equity,Daily_Return,Drawdown
2018-05-09,10058.841808036781,0.0058841808036781355,0.0
2018-05-10,10077.625497657968,0.00186738095495043,0.0
2018-05-11,10091.024357496743,0.0013295651680932754,0.0
2018-05-14,10040.934272916553,-0.00496382555483343,0.004963825554833517
2018-05-15,10029.690064800918,-0.0011198368408767722,0.006078103720982386
2018-05-16,10030.429660931712,7.374067653296928e-05,0.006004811247929894
2018-05-17,10030.429660931712,0.0,0.006004811247929894
2018-05-18,10048.720117371962,0.0018234968050761843,0.004192264196979369
2018-05-21,10057.336478685582,0.0008574585830810546,0.0033384003068165865
2018-05-22,10043.115775899618,-0.0014139631120130744,0.004747643043942604
2018-05-23,10037.726132736332,-0.0005366505060330614,0.005281745724933719
2018-05-24,10053.581957200771,0.0015796231392214918,0.0037104657534747605
2018-05-25,10041.399639738265,-0.001211739011465483,0.004917708648836086
2018-05-28,10035.982916372064,-0.0005394390782700588,0.0054544949228853504
2018-05-29,10029.94411777591,-0.0006017147145897967,0.006052927587619437
2018-05-30,10015.677617265737,-0.0014223908271721126,0.007466708786113399
2018-05-31,10028.418634796377,0.0012721073917829732,0.0062040998497694825
2018-06-01,10028.944266156197,5.241418203235565e-05,0.0061520108505560694
2018-06-04,10034.980293547778,0.0006018606975362297,0.005553852806561558
2018-06-05,10009.303993594394,-0.0025586796587824495,0.008098321935140035
2018-06-06,10000.391371316411,-0.0008904337687902523,0.008981544684608671
2018-06-07,9997.896370765397,-0.0002494902907671864,0.00922879416718087
2018-06-08,9997.499915695671,-3.965384867216507e-05,0.009268082058645629
2018-06-11,9989.884620121653,-0.0007617199938219205,0.01002274236905907
2018-06-12,9989.335435799656,-5.497404052996018e-05,0.010077165418943894
2018-06-13,9993.88492809734,0.0004554349312747901,0.009626319980809052
2018-06-14,9999.409206435503,0.0005527658541105896,0.00907887522768468
2018-06-15,9991.510408819955,-0.0007899264298999362,0.009861630014088456
2018-06-18,9991.510408819955,0.0,0.009861630014088456
2018-06-19,9977.780727650752,-0.0013741347011042514,0.011222213507180825
2018-06-20,9957.865209502374,-0.001995986752163,0.013195800869853566
2018-06-21,9933.340110650075,-0.0024628872088863878,0.01562618830956661
2018-06-22,9933.340110650075,0.0,0.01562618830956661
2018-06-25,9933.340110650075,0.0,0.01562618830956661
2018-06-26,9933.340110650075,0.0,0.01562618830956661
2018-06-27,9937.829975529825,0.00045199951171875,0.01518125182733384
2018-06-28,9918.853970157646,-0.0019094717276210464,0.017061735383800625
2018-06-29,9901.500319395962,-0.0017495620778263273,0.018781446896417506
2018-07-02,9903.673734092576,0.00021950357284300495,0.018566065918271417
2018-07-03,9899.069896293182,-0.0004648616183249927,0.01902229688514778
2018-07-04,9910.297176846154,0.0011341752983456354,0.01790969620604714
2018-07-05,9895.493981319069,-0.0014937186305240225,0.019376662789681226
2018-07-06,9847.679213966501,-0.004831973769357399,0.024115009032701158
2018-07-09,9785.72269242197,-0.006291484541521246,0.030254774367674576
2018-07-10,9759.75757873092,-0.0026533670028435646,0.032827864350532546
2018-07-11,9755.344637362969,-0.00045215686274509807,0.03326517786912223
2018-07-12,9728.084546191938,-0.002794375,0.03596659748771415
2018-07-13,9721.286750553774,-0.0006987804850879277,0.03664024521636258
2018-07-16,9725.992379590913,0.00048405413376679954,0.03617392694475496
2018-07-17,9735.458475163792,0.000973278119438228,0.03523585611690614
2018-07-18,9767.460354417231,0.003287146602810752,0.03206453493882726
2018-07-19,9757.099071877019,-0.0010607959658137682,0.03309131697533229
2018-07-20,9759.27596232149,0.00022310836739841493,0.03287559155763934
2018-07-23,9755.457852186655,-0.00039122883189038706,0.03325395851024689
2018-07-24,9786.465444664838,0.003178486642862541,0.030181169130331535
2018-07-25,9787.786242789894,0.00013496171140894465,0.030050280721160772
2018-07-26,9775.408415832297,-0.0012646196648108804,0.031276898210038616
2018-07-27,9808.95531172643,0.0034317641235122624,0.027952469023698336
2018-07-30,9738.261737454846,-0.007207044177994171,0.03495805852255472
2018-07-31,9696.254245547298,-0.004313654021639277,0.03912091557445955
2018-08-01,9635.817798634589,-0.006232968462070071,0.04511004460354663
2018-08-02,9618.16762444107,-0.0018317256056897282,0.04685914098546216
2018-08-03,9609.530643986798,-0.0008979860604971116,0.04771504819054737
2018-08-06,9597.210307917383,-0.0012820955076639862,0.04893596844927831
2018-08-07,9581.18500576746,-0.0016697875357282455,0.05052404331484115
2018-08-08,9583.164301511088,0.0002065815180936134,0.05032789913031571
2018-08-09,9578.173092985255,-0.0005208309456872706,0.05082251774870453
2018-08-10,9581.689055984223,0.0003670807537967159,0.05047409296303285
2018-08-13,9606.076766258284,0.002545241254602104,0.04805732045212886
2018-08-14,9673.894648643098,0.007059893860418295,0.04133670617331869
2018-08-15,9688.522189794408,0.0015120633087898,0.039887146581239846
2018-08-16,9752.251038593362,0.006577767749356419,0.03357174721827937
2018-08-17,9896.115744729008,0.014751948608205294,0.019315047299725795
2018-08-20,10046.938125431838,0.015240563529500293,0.0043688559756723455
2018-08-21,10169.523385012431,0.012201255551708085,0.0
2018-08-22,10219.803652985416,0.0049442108611585135,0.0
2018-08-23,10219.803652985416,0.0,0.0
2018-08-24,10219.803652985416,0.0,0.0
2018-08-27,10219.803652985416,0.0,0.0
2018-08-28,10219.803652985416,0.0,0.0
2018-08-29,10219.803652985416,0.0,0.0
2018-08-30,10219.803652985416,0.0,0.0
2018-08-31,10248.695323938553,0.002827027987440553,0.0
2018-09-03,10268.380695853373,0.0019207685751803916,0.0
2018-09-04,10268.380695853373,0.0,0.0
2018-09-05,10268.380695853373,0.0,0.0
2018-09-06,10268.380695853373,0.0,0.0
2018-09-07,10268.380695853373,0.0,0.0
2018-09-10,10268.380695853373,0.0,0.0
2018-09-11,10268.380695853373,0.0,0.0
2018-09-12,10259.515405047367,-0.0008633582128082828,0.0008633582128082468
2018-09-13,10259.515405047367,0.0,0.0008633582128082468
2018-09-14,10194.39756221348,-0.006347068088795833,0.0072049465082424475
2018-09-17,10265.444961518375,0.006969259230014674,0.0002859004181821908
2018-09-18,10342.552664175262,0.007511384352644915,0.0
2018-09-19,10421.676911759743,0.007650359650432629,0.0
2018-09-20,10468.295363594214,0.004473219831049181,0.0
2018-09-21,10551.760639696247,0.007973148750875177,0.0
2018-09-24,10503.302131575536,-0.004592457105064364,0.004592457105064359
2018-09-25,10412.923592884277,-0.008604773771056088,0.013157713821678088
2018-09-26,10323.296272601001,-0.008607315657681771,0.021651776883163186
2018-09-27,10245.436383744163,-0.0075421538625685585,0.02903062971308096
2018-09-28,10149.186143715468,-0.00939445001887972,0.038152352932104484
2018-10-01,10033.47990519163,-0.01140054353968912,0.049117938911049486
2018-10-02,10085.889253767542,0.005223446807203212,0.04415105704502755
2018-10-03,10229.18668866658,0.01420771449037174,0.030570628167599707
2018-10-04,10370.308870282748,0.013796031484353018,0.017196350031943364
2018-10-05,10479.437158422119,0.010523147333835877,0.0068541624230978
2018-10-08,10504.140400346416,0.002357306175021394,0.004513013607480995
2018-10-09,10514.93198453568,0.0010273648083481291,0.003490285310492712
2018-10-10,10472.682779214214,-0.004018019839177436,0.007494281114048265
2018-10-11,10462.604246574603,-0.0009623639760782912,0.008449432863955749
2018-10-12,10427.752452186152,-0.003331082163397491,0.011752369272249225
2018-10-15,10451.360388624564,0.0022639525196498905,0.009515023558625178
2018-10-16,10450.172433933103,-0.00011366507777819483,0.009627607110510488
2018-10-17,10444.500633089167,-0.0005427471058295094,0.010165128860444711
2018-10-18,10427.705450112566,-0.001608040783050092,0.011756823701722326
2018-10-19,10403.87461735296,-0.0022853381190728315,0.014015293503430412
2018-10-22,10411.988670806202,0.0007799068858162507,0.013246317241524233
2018-10-23,10470.93812260005,0.00566168996698325,0.007659623815966735
2018-10-24,10454.183006259382,-0.0016001542693204202,0.009247521505536597
2018-10-25,10461.672948844109,0.0007164541294372633,0.00853769280106907
2018-10-26,10461.672948844109,0.0,0.00853769280106907
2018-10-29,10461.672948844109,0.0,0.00853769280106907
2018-10-30,10461.672948844109,0.0,0.00853769280106907
2018-10-31,10376.724164499494,-0.008120000000000007,0.016588366735524468
2018-11-01,10292.465164283758,-0.008120000000000011,0.024573669197632
2018-11-02,10209.557583117277,-0.008055172385152244,0.032430896441261674
2018-11-05,10238.900961167583,0.0028741086782083317,0.029649997683957204
2018-11-06,10204.981081643067,-0.0033128437957513153,0.032864615668837124
2018-11-07,10163.548858451597,-0.004060000000000001,0.03679118532922159
2018-11-08,10122.284850086284,-0.0040599999999999985,0.040701813116784925
2018-11-09,10138.299219544784,0.0015820903773878451,0.03918411668627138
2018-11-12,10147.810706443859,0.0009381738192081017,0.03828270437946712
2018-11-13,10147.810706443859,0.0,0.03828270437946712
2018-11-14,10147.810706443859,0.0,0.03828270437946712
2018-11-15,10147.810706443859,0.0,0.03828270437946712
2018-11-16,10147.810706443859,0.0,0.03828270437946712
2018-11-19,10147.810706443859,0.0,0.03828270437946712
2018-11-20,10147.810706443859,0.0,0.03828270437946712
2018-11-21,10147.810706443859,0.0,0.03828270437946712
2018-11-22,10147.810706443859,0.0,0.03828270437946712
2018-11-23,10147.810706443859,0.0,0.03828270437946712
2018-11-26,10147.810706443859,0.0,0.03828270437946712
2018-11-27,10147.810706443859,0.0,0.03828270437946712
2018-11-28,10147.810706443859,0.0,0.03828270437946712
2018-11-29,10158.636278508144,0.0010667889239804756,0.03725675502049869
2018-11-30,10129.633109200968,-0.0028550258629237582,0.04000541188427028
2018-12-03,10047.742654088428,-0.008084246905068678,0.0477662451621276
2018-12-04,9917.181820844693,-0.012994046298609237,0.060139614659589356
2018-12-05,9850.230040836213,-0.0067510892931048954,0.06648469604407448
2018-12-06,9819.378735114824,-0.003132039109085599,0.06940850248499443
2018-12-07,9819.378735114824,0.0,0.06940850248499443
2018-12-10,9824.66838091174,0.0005386945487702298,0.0689071979181512
2018-12-11,9837.572582302953,0.0013134490540449336,0.06768425495802881
2018-12-12,9873.73443976605,0.0036758923159713785,0.06425716267476997
2018-12-13,9924.60479633384,0.005152088794581183,0.059436132487976974
2018-12-14,9983.950682307985,0.005979672459710168,0.05381186863281693
2018-12-17,10027.909879242601,0.0044029861858706784,0.04964581536117239
2018-12-18,10102.50423824241,0.00743867464886342,0.04257643978045822
2018-12-19,10172.73998957725,0.006952310999184358,0.03592013343186561
2018-12-20,10261.292961141738,0.008704928235187061,0.027527887380401246
2018-12-21,10271.500559685066,0.000994767285368614,0.026560503936833915
2018-12-24,10304.420383215818,0.0032049673111988783,0.023440662172521505
2018-12-26,10307.337088014718,0.0002830537468803382,0.02316424339289845
2018-12-27,10298.833944841652,-0.0008249602298302172,0.023970094043175388
2018-12-28,10297.63791492221,-0.00011613255693279645,0.024083442891797112
2018-12-31,10312.619174413014,0.0014548248457147495,0.02266365523717166
2019-05-09,10287.417870246089,-0.002443734587761487,0.02505200586674495
2019-05-10,10217.880986597127,-0.0067594108187323315,0.03164207988599064
2019-05-13,10165.552835458799,-0.005121233180046635,0.036601266596639405
2019-05-14,10131.300235803756,-0.0033694773131831266,0.03984741677239141
2019-05-15,10096.19056679911,-0.003465465259885188,0.04317479219375577
2019-05-16,10125.787091057984,0.002931454597955074,0.04036990253889286
2019-05-17,10116.867469800629,-0.0008808817701917353,0.041215223197873616
2019-05-20,10137.897831053566,0.002078742388957139,0.03922215664044815
2019-05-21,10108.161651226741,-0.002933170201788633,0.04204028158112921
2019-05-22,10015.176359551688,-0.009199030929997975,0.05085258266055647
2019-05-23,9960.182662599798,-0.0054910363010672964,0.05606438558423164
2019-05-24,9918.069252351816,-0.0042281764978183934,0.06005551196455816
2019-05-27,9894.290919005665,-0.002397476035016765,0.062309006348869246
2019-05-28,9871.692852047609,-0.0022839501226559317,0.06445064580883214
2019-05-29,9833.552247511047,-0.003863633634898801,0.06806526576079305
2019-05-30,9798.497032306434,-0.0035648577769529016,0.07138748054575829
2019-05-31,9805.515307226808,0.0007162603506675587,0.07072235221693977
2019-06-03,9783.668102366939,-0.0022280527004805042,0.0727928317895789
2019-06-04,9782.221266130051,-0.00014788280037200292,0.07292994978213883
2019-06-05,9776.504565459065,-0.0005843969907713744,0.07347172672972041
2019-06-06,9779.823986487294,0.000339530453446133,0.07315714216496623
2019-06-07,9773.987302668545,-0.0005968086774172106,0.07371029002512434
2019-06-10,9773.987302668545,0.0,0.07371029002512434
2019-06-11,9788.515296244588,0.001486393743531492,0.07233345879552008
2019-06-12,9818.890884997956,0.0031031865236009456,0.06945473648645883
2019-06-13,9827.841275753917,0.0009115480415039993,0.06860649977397228
2019-06-14,9847.486709926721,0.001998957209582863,0.06674468402173687
2019-06-17,9897.019126088702,0.005029955116572972,0.06205045167006301
2019-06-18,9897.019126088702,0.0,0.06205045167006301
2019-06-19,9838.759283960968,-0.005886604985349644,0.06757179015726844
2019-06-20,9767.263827289597,-0.007266714695207831,0.07434747993195893
2019-06-21,9656.587056729439,-0.011331399716154659,0.08483641863511585
2019-06-24,9648.675089680619,-0.0008193336840789361,0.08558624298377049
2019-06-25,9682.798125741278,0.003536551468828501,0.08235237166827777
2019-06-26,9821.501158239254,0.014324684940940946,0.06920735850562422
2019-06-27,9893.114722264947,0.007291508993573335,0.06242047558901609
2019-06-28,9964.01980651518,0.0071671143255478305,0.05570073594826984
2019-07-01,10031.852274392177,0.006807741172156474,0.049272190969547734
2019-07-02,9953.258699958864,-0.007834403087646685,0.05672057585212742
2019-07-03,9877.542109861446,-0.00760721612688817,0.06389630629966697
2019-07-04,9792.49438119588,-0.00861021170242916,0.07195635727785275
2019-07-05,9784.604646088463,-0.0008056920739793257,0.07270407468510097
2019-07-08,9762.898164072332,-0.0022184322005086928,0.07476121782522012
2019-07-09,9740.577925997664,-0.002286230758485848,0.07687652718797215
2019-07-10,9695.122123199593,-0.0046666433083759045,0.08118441516517513
2019-07-11,9644.81677673261,-0.005188727468074448,0.08595189882830256
2019-07-12,9590.643188365115,-0.005616860291030683,0.09108597931186584
2019-07-15,9553.885402678903,-0.003832671590869313,0.0945695482575001
2019-07-16,9523.360355093815,-0.0031950401641335745,0.09746243491664693
2019-07-17,9505.896608222294,-0.0018337799075491146,0.09911749016930509
2019-07-18,9489.924379065025,-0.001680244359427717,0.10063119292495523
2019-07-19,9502.684199437868,0.0013445650210861194,0.0994219330859062
2019-07-22,9517.185709517698,0.0015260435657419983,0.0980476117214436
2019-07-23,9510.493348499316,-0.0007031869738225442,0.09868185289188915
2019-07-24,9492.047018401607,-0.0019395765731353334,0.10043002845496186
2019-07-25,9460.960474005731,-0.0032750095248800966,0.10337612868006803
2019-07-26,9481.586045084197,0.002180071583126869,0.10142142445745025
2019-07-29,9532.349943655385,0.005353945883084245,0.09661048339229654
2019-07-30,9544.518330112043,0.0012765358519761325,0.09545727428604744
2019-07-31,9564.940580591925,0.002139683719339811,0.09352183894238998
2019-08-01,9482.777701137384,-0.008590004168061119,0.1013084901241312
2019-08-02,9387.001441277596,-0.010100021626395455,0.1103852938093354
2019-08-05,9323.337809761917,-0.006782105224329675,0.11641875435583164
2019-08-06,9266.413404685214,-0.006105582167912171,0.12181353225313822
2019-08-07,9289.01114117549,0.00243867130715861,0.119671924111909
2019-08-08,9302.453286907843,0.0014471019065493242,0.11839799967490242
2019-08-09,9368.57631953994,0.007108128425128216,0.11213145943674174
2019-08-12,9485.534255537823,0.012484067163326135,0.10104724894414567
2019-08-13,9611.654606723929,0.013296072502450195,0.08909470798982996
2019-08-14,9664.731079732997,0.005522095329137019,0.08406460213153441
2019-08-15,9733.812132554363,0.007147747024873632,0.07751772761644356
2019-08-16,9808.165772946459,0.007638696882532056,0.07047116515819625
2019-08-19,9957.586900987431,0.01523435997106777,0.056310388284728986
2019-08-20,10047.612521940795,0.009040907385346167,0.04777857790469793
2019-08-21,10154.206797833654,0.010608915865345197,0.03767654095250944
2019-08-22,10257.851942149042,0.010207113798145175,0.027853995895387014
2019-08-23,10283.286341664136,0.002479505422630003,0.02544355460662157
2019-08-26,10370.94562316756,0.008524442341769722,0.017136004379065695
2019-08-27,10508.127197637461,0.013227489512957553,0.004135181184326264
2019-08-28,10593.797435120327,0.008152759846885597,0.0
2019-08-29,10570.86190838913,-0.0021649957790547875,0.002164995779054761
2019-08-30,10566.003035414664,-0.00045964775782478474,0.002623648401423963
2019-09-02,10542.62610867932,-0.002212466403519836,0.004830310071001011
2019-09-03,10565.720720880025,0.0021905938769555032,0.002650297441710811
2019-09-04,10566.61548247208,8.468533436499947e-05,0.002565836548670809
2019-09-05,10607.011190008327,0.00382295613985906,0.0
2019-09-06,10484.901727707265,-0.011512146080894776,0.011512146080894766
2019-09-09,10357.195624663791,-0.01218000000000003,0.023551928141629448
2019-09-10,10231.044981955385,-0.01218000000000001,0.03544506565686449
2019-09-11,10149.902509780797,-0.007931005319368665,0.04309495597196317
2019-09-12,10123.71050706297,-0.0025805176643408606,0.04556426634117444
2019-09-13,10118.736695153077,-0.0004913032535278147,0.04603318372240415
2019-09-16,10141.116580217982,0.002211727188792881,0.04392326937763688
2019-09-17,10107.048264927273,-0.0033594244796639025,0.04713513695092666
2019-09-18,10078.964833031665,-0.0027785987718156125,0.049782766089101024
2019-09-19,10078.964833031665,0.0,0.049782766089101024
2019-09-20,10078.964833031665,0.0,0.049782766089101024
2019-09-23,10051.001703415497,-0.0027744049194937588,0.052419053457451195
2019-09-24,10040.556513266762,-0.0010392188218598824,0.05340379741233405
2019-09-25,9989.473731612423,-0.005087644453456575,0.05821974233209223
2019-09-26,9930.621927423537,-0.005891381845536601,0.06376812944460167
2019-09-27,9887.033711668932,-0.004389273509067623,0.06787750719237526
2019-09-30,10015.974470018777,0.013041399686709459,0.05572132520669906
2019-10-01,10364.789510432338,0.03482587155724925,0.02283599736409805
2019-10-02,10756.238636647371,0.03776720461337235,0.0
2019-10-03,11373.825372492482,0.057416607859641755,0.0
2019-10-04,11611.428713367219,0.020890363012727328,0.0
2019-10-07,11501.956293614745,-0.009427988790599686,0.009427988790599714
2019-10-08,11665.879977193594,0.014251808944001078,0.0
2019-10-09,11834.928377577015,0.014490840014975668,0.0
2019-10-10,11684.016716478996,-0.012751379331026729,0.012751379331026807
2019-10-11,11934.133556194967,0.02140675127272018,0.0
2019-10-14,11870.460313892669,-0.0053353887823088695,0.005335388782308879
2019-10-15,11906.34547751325,0.0030230642006850174,0.0023284538044483424
2019-10-16,11835.588621607238,-0.00594278538613262,0.008257401689339671
2019-10-17,11772.985178441833,-0.005289423717474807,0.013503148510474171
2019-10-18,11748.020124510513,-0.0021205372769037495,0.015595051857605843
2019-10-21,11717.613952229203,-0.002588195454132001,0.01814288426941304
2019-10-22,11688.870848482788,-0.0024529826518945763,0.020551362740939386
2019-10-23,11660.15447854978,-0.002456727455136083,0.02295760109898928
2019-10-24,11631.335391188753,-0.0024715870972415715,0.02537244648557099
2019-10-25,11636.853638655915,0.0004744293996837494,0.024910054520441906
2019-10-28,11608.137683152318,-0.002467673513414949,0.02731625815209906
2019-10-29,11608.137683152318,0.0,0.02731625815209906
2019-10-30,11584.811724595305,-0.002009448818897637,0.029270816348316308
2019-10-31,11561.532638358165,-0.0020094488188976355,0.031221446959874714
2019-11-01,11549.916484305768,-0.0010047244094488186,0.0321948024194646
2019-11-04,11538.312001286891,-0.0010047244094488167,0.03316717992506514
2019-11-05,11526.719177575362,-0.0010047244094488169,0.034138580459250695
2019-11-06,11515.13800145679,-0.001004724409448818,0.03510900500360822
2019-11-07,11549.162708433423,0.002954780652418441,0.032257963759900025
2019-11-08,11701.557760038535,0.013195333328694894,0.019488285015521967
2019-11-11,11826.387547039145,0.010667792234202354,0.009028389756866073
2019-11-12,11862.23892826695,0.0030314735658042553,0.006024285515951587
2019-11-13,12017.32159336318,0.013073642002495682,0.0
2019-11-14,13057.253778040837,0.0865361034568619,0.0
2019-11-15,13212.69208578879,0.01190436445444319,0.0
2019-11-18,13290.25787091856,0.0058705511811023596,0.0
2019-11-19,13123.312857701907,-0.012561457786455637,0.01256145778645562
2019-11-20,13392.151526738933,0.020485579514264867,0.0
2019-11-21,13566.048460613292,0.01298498852310277,0.0
2019-11-22,13412.83090037502,-0.01129419231275139,0.011294192312751444
2019-11-25,13261.282310941235,-0.011298777309534875,0.022465359058453465
2019-11-26,13187.135981068957,-0.0055911885543001565,0.02793093955431773
2019-11-27,13271.239156983976,0.006377668057397366,0.021731405757929017
2019-11-28,13253.331027396955,-0.0013493939318844877,0.02305147546275243
2019-11-29,13231.070496211782,-0.0016796178363881337,0.02469237562979832
2019-12-02,13279.600493458482,0.0036678813902922304,0.02111506294456071
2019-12-03,13212.342976691534,-0.005064724409448822,0.026072845379307142
2019-12-04,13091.783988226107,-0.009124724409448826,0.034959662260099646
2019-12-05,13113.79962520153,0.0016816376587959444,0.03333681408589911
2019-12-06,13159.337224293,0.00347249465394906,0.02998008134064308
2019-12-09,13026.04039138891,-0.010129448818897654,0.03980584846001428
2019-12-10,12946.97950592048,-0.006069448818897643,0.045633697718991104
2019-12-11,12920.963213244017,-0.0020094488188976364,0.04755144795790541
2019-12-12,12923.055205786393,0.00016190685693090904,0.047397240006455836
2019-12-13,12920.998525773683,-0.00015914812557555946,0.04754884495012694
2019-12-16,12825.49835000002,-0.007391083249732332,0.05458849072840432
2019-12-17,12751.160683694641,-0.005796084041083567,0.06006817528955014
2019-12-18,12702.414867285945,-0.00382285327727292,0.06366139674605767
2019-12-19,12666.554099323841,-0.0028231457039290665,0.06630481705125701
2019-12-20,12682.845011150666,0.0012861360476638703,0.06510395801893651
2019-12-23,12696.83549497452,0.0011031029561233278,0.06407267143135918
2019-12-24,12673.82877761566,-0.0018120040515581162,0.06576857554268957
2019-12-26,12650.6936769359,-0.0018254231681448213,0.06747394322930284
2019-12-27,12627.83410449384,-0.0018069817375892716,0.06915900078371362
2019-12-30,12629.104928757895,0.00010063675635410191,0.06906532396487103
2019-12-31,12626.464405929008,-0.00020908234144717804,0.06925996596667089
2020-05-08,12784.649085575451,0.01252802641823988,0.057599630231787914
2020-05-11,12976.749879865658,0.015025894962337954,0.043439221263182295
2020-05-12,12887.276566223429,-0.006894893904139605,0.050034606345433746
2020-05-13,12915.649592792466,0.002201630920484864,0.04794313316137328
2020-05-14,12938.174146677578,0.0017439737524067502,0.046282770974808166
2020-05-15,12888.705854925747,-0.0038234368459582825,0.049929248568888265
2020-05-18,13120.123548646925,0.017955076043009843,0.03287065598070316
2020-05-19,13213.593265102973,0.007124149106483612,0.025980682328654015
2020-05-20,13250.500470036188,0.0027931240346776957,0.02326012556222574
2020-05-21,13189.270978961073,-0.0046209191278151875,0.027773561530915123
2020-05-22,13173.72304228545,-0.0011788321508008162,0.028919653314440987
2020-05-25,13130.637400896945,-0.003270574404077501,0.03209564384061349
2020-05-26,13283.202662168764,0.011619029344409223,0.020849534723816083
2020-05-27,13441.804101955058,0.011939999999999997,0.009158478168418482
2020-05-28,13538.753451051549,0.0072125250718681165,0.0020120088499602394
2020-05-29,13608.699178946117,0.0051663344153102106,0.0
2020-06-01,13553.447860279595,-0.004060000000000011,0.00406000000000005
2020-06-02,13498.42086196686,-0.004060000000000007,0.008103516400000007
2020-06-03,13443.617273267275,-0.0040600000000000054,0.012130616123416033
2020-06-04,13467.867715685015,0.001803862898266461,0.01034863519350775
2020-06-05,13467.867715685015,0.0,0.01034863519350775
2020-06-08,13467.867715685015,0.0,0.01034863519350775
2020-06-09,13467.867715685015,0.0,0.01034863519350775
2020-06-10,13467.867715685015,0.0,0.01034863519350775
2020-06-11,13447.801979946351,-0.0014898970024256489,0.011823113795379408
2020-06-12,13402.300286043112,-0.0033835785187119644,0.015166687880229087
2020-06-15,13437.027662699873,0.0025911504678734843,0.01261483658275256
2020-06-16,13413.816922204898,-0.0017273716388488322,0.014320417710659616
2020-06-17,13459.030777278793,0.0033706927219983515,0.010997994716414546
2020-06-18,13497.284736687798,0.0028422521682307197,0.008187001622512726
2020-06-19,13514.384874496107,0.001266931693441112,0.006930442300901394
2020-06-22,13510.771484541718,-0.0002673736161834571,0.007195962899665126
2020-06-23,13518.114918473848,0.0005435243975913217,0.006656349683473885
2020-06-24,13524.81916724645,0.0004959455377495105,0.006163705332647533
2020-06-25,13499.12675415907,-0.001899649286964357,0.008051645741171645
2020-06-26,13487.603260228652,-0.0008536473610684613,0.008898419836100954
2020-06-29,13465.332938484917,-0.0016511696936849216,0.01053489672863083
2020-06-30,13410.663686754668,-0.004059999999999998,0.014552125047912607
2020-07-01,13479.297022322853,0.005117817967202642,0.009508782207741125
2020-07-02,13640.239828769389,0.011940000000000004,0.0
2020-07-03,13640.239828769389,0.0,0.0
2020-07-06,13803.104292324895,0.011940000000000022,0.0
2020-07-07,13967.913357575255,0.011940000000000004,0.0
2020-07-08,14003.418570649159,0.0025419124650174333,0.0
2020-07-09,13998.07774552363,-0.00038139437870722835,0.0003813943787071992
2020-07-10,13941.245549876803,-0.004060000000000005,0.004439845917529668
2020-07-13,13966.465411510519,0.0018090106471109649,0.0026388669989550477
2020-07-14,13909.761561939786,-0.004059999999999998,0.0066881531989393065
2020-07-15,14010.449596100721,0.007238659966425379,0.0
2020-07-16,14119.987074699236,0.007818270059584673,0.0
2020-07-17,14119.987074699236,0.0,0.0
2020-07-20,14119.987074699236,0.0,0.0
2020-07-21,14119.987074699236,0.0,0.0
2020-07-22,14119.987074699236,0.0,0.0
2020-07-23,14062.659927175957,-0.004060000000000003,0.004060000000000047
2020-07-24,14005.050741111841,-0.004096606642160627,0.008139974419193525
2020-07-27,14020.715123515325,0.0011184809461276103,0.007030597879355773
2020-07-28,14127.351742941863,0.0076056476782478035,0.0
2020-07-29,14103.498221939093,-0.0016884637288575282,0.0016884637288575206
2020-07-30,14180.238019419914,0.005441188864862405,0.0
2020-07-31,14333.3603999975,0.01079829410253083,0.0
2020-08-03,14213.779098560022,-0.008342865741204655,0.008342865741204616
2020-08-04,14094.860480763653,-0.008366432105900485,0.01663949782731263
2020-08-05,13936.870219620347,-0.011209068820434827,0.02766205337146359
2020-08-06,13743.821696583522,-0.01385164100653321,0.041130529545191745
2020-08-07,13639.388591190496,-0.007598549202583568,0.048416546395297855
2020-08-10,13502.411974250024,-0.010042724131266717,0.057973036507727865
2020-08-11,13337.952596403658,-0.01218,0.06944692492306379
2020-08-12,13132.262048256338,-0.01542144843150669,0.08379740118314277
2020-08-13,13150.280030198814,0.0013720394762354543,0.08254033504933658
2020-08-14,13139.49284899406,-0.0008203004939805155,0.08329292766570282
2020-08-17,13177.677014274444,0.002906060813702484,0.08062892116514822
2020-08-18,13234.761515064583,0.004331909237743685,0.07664628909582909
2020-08-19,13271.953457393764,0.00281017094919658,0.07405150732161328
2020-08-20,13334.834838643656,0.004737914539239261,0.06966444249556572
2020-08-21,13345.382973932616,0.0007910210674970576,0.06892852746973814
2020-08-24,13270.284986219152,-0.005627263590722815,0.07416791206746837
2020-08-25,13196.873032198757,-0.005532055573533752,0.07928966662967196
2020-08-26,13180.964591582657,-0.001205470460864888,0.08039955573956296
2020-08-27,13174.869527438483,-0.00046241412013706443,0.08082479196987327
2020-08-28,13214.866174420184,0.0030358286963223257,0.07803433349638733
2020-08-31,13226.09627915498,0.0008498084344231919,0.07725083929674399
2020-09-01,13188.438646706802,-0.0028472220111937217,0.07987811101790884
2020-09-02,13081.348524895542,-0.008120000000000006,0.08734950075644345
2020-09-03,13122.685454139513,0.0031599899020579446,0.08446553439472562
2020-09-04,12962.851145308094,-0.012180000000000015,0.09561674418579788
2020-09-07,12716.253986424084,-0.01902337349397592,0.11282116464284941
2020-09-08,12978.016875045434,0.02058490565702831,0.09455867201611023
2020-09-09,13061.795701460502,0.006455441322176169,0.08871364865263698
2020-09-10,13084.17164268085,0.0017130830807472984,0.08715253942242794
2020-09-11,13151.186875469337,0.005121855217022753,0.08247706689412272
2020-09-14,13096.11948551518,-0.004187256289154545,0.08631897056621386
2020-09-15,13039.745176301903,-0.004304657519017724,0.09025205447954984
2020-09-16,13007.22609507882,-0.002493843306246669,0.0925208233038577
2020-09-17,13034.280744652937,0.002079970731373116,0.09063329317699917
2020-09-18,12928.442385006354,-0.008120000000000013,0.09801735083640199
2020-09-21,12875.952908923227,-0.004060000000000013,0.10167940039200626
2020-09-22,12823.676540113,-0.004059999999999995,0.10532658202641468
2020-09-23,12787.665615114083,-0.002808159180112893,0.10783896739830016
2020-09-24,12683.829770319357,-0.008120000000000007,0.11508331498302599
2020-09-25,12623.651775134416,-0.004744465691723456,0.11928177183512263
2020-09-28,12510.79308768497,-0.008940256706997564,0.12715561888144866
2020-09-29,12392.836755559552,-0.009428365675836126,0.13538511488473326
2020-09-30,12322.287426249173,-0.005692750635057725,0.1403071518210536
2020-10-01,12191.254120973848,-0.010633845871521806,0.14944899306543813
2020-10-02,12092.261137511541,-0.008120000000000018,0.15635546724174673
2020-10-05,12074.624441972737,-0.0014585109714586233,0.15758593204878577
2020-10-06,11978.408021495497,-0.007968481416513531,0.1642986928942646
2020-10-07,12036.667145349533,0.004863678357715667,0.16023411053337974
2020-10-08,12115.995102084675,0.006590525082833297,0.15469961237514213
2020-10-09,12193.698793172105,0.006413314831570077,0.1492784348620557
2020-10-12,12308.416574607307,0.009407955976363654,0.14127488382909473
2020-10-13,12820.938753817882,0.041639976686191,0.10551759001189158
2020-10-14,12869.784555034974,0.0038098459211924674,0.10210974985061994
2020-10-15,12790.584095817974,-0.006153984853306229,0.10763535284997056
2020-10-16,12656.053215911052,-0.010517962189929203,0.11702121046832403
2020-10-19,12677.629098945674,0.0017047876353346698,0.1155159191456677
2020-10-20,12777.407352151282,0.00787041902132201,0.1085546588116552
2020-10-21,12871.46051624074,0.007360895798130963,0.10199282254543844
2020-10-22,13060.347141322824,0.014674840111870226,0.08881471079698092
2020-10-23,13270.58170575015,0.016097165117621284,0.07414721074393243
2020-10-26,13545.61282939264,0.020724873237720893,0.054959029049810135
2020-10-27,13797.921813769823,0.018626620113465654,0.03735610989226023
2020-10-28,13997.630680462258,0.014473836668151953,0.023422959457246373
2020-10-29,14005.48230825402,0.0005609254859625725,0.02287517250620007
2020-10-30,13819.406368223164,-0.013285935888205282,0.035857190319056334
2020-11-02,13707.192788513192,-0.008120000000000004,0.04368602993366564
2020-11-03,13663.741904513025,-0.0031699330906456865,0.04671748123242561
2020-11-04,13600.172840532756,-0.004652390569473011,0.0511525238327833
2020-11-05,13561.30115457634,-0.002858175878512808,0.053864496801552184
2020-11-06,13503.017104858885,-0.004297821356012482,0.05793081817288008
2020-11-09,13443.242662602524,-0.004426747133042675,0.06210112022266119
2020-11-10,13491.346012432383,0.0035782549669862236,0.058745078897567124
2020-11-11,13630.50209017442,0.01031446955802651,0.04903653366751342
2020-11-12,13735.468913231956,0.007700877221038126,0.04171328077159409
2020-11-13,13852.830779802733,0.008544438294182808,0.03352525903101212
2020-11-16,13887.453709462454,0.002499339680825496,0.031109710360392822
2020-11-17,13969.052501463475,0.00587572017938913,0.025416782133943192
2020-11-18,14034.462402598909,0.004682486598756899,0.02085330927691204
2020-11-19,14144.036493971525,0.007807501864291221,0.013208619663676901
2020-11-20,14152.742489622147,0.0006155241224337078,0.012601225765270261
2020-11-23,14044.03112797412,-0.00768129298810764,0.02018572504626555
2020-11-24,13929.99359521497,-0.008120000000000007,0.028141816958889888
2020-11-25,13949.760608372202,0.001419025286847393,0.026762725621924992
2020-11-26,14028.464731855425,0.0056419694712171176,0.02127175063163333
2020-11-27,14027.339318023154,-8.022359208809822e-05,0.021350267727475787
2020-11-30,14027.339318023154,0.0,0.021350267727475787
2020-12-01,14027.339318023154,0.0,0.021350267727475787
2020-12-02,14145.08913138871,0.008394308478320203,0.013135179982554791
2020-12-03,14447.205795316495,0.021358413589446568,0.0
2020-12-04,14447.205795316495,0.0,0.0
2020-12-07,14473.554590340702,0.0018237986914223278,0.0
2020-12-08,14507.685503301858,0.0023581569232436744,0.0
2020-12-09,14507.685503301858,0.0,0.0
2020-12-10,14604.137972156963,0.006648370536647777,0.0
2020-12-11,14636.827819816668,0.0022383962492019873,0.0
2020-12-14,14571.566119331643,-0.004458732540166122,0.004458732540166124
2020-12-15,14512.405560887157,-0.004060000000000004,0.008500630086053017
2020-12-16,14453.485194309955,-0.004060000000000011,0.012526117527903653
2020-12-17,14394.804044421056,-0.00406000000000001,0.016535261490740354
2020-12-18,14394.804044421056,0.0,0.016535261490740354
2020-12-21,14424.65639707273,0.0020738283452523183,0.01449572443946371
2020-12-22,14419.674736424298,-0.0003453573181433045,0.014836075553090008
2020-12-23,14436.572131883155,0.0011718291686686857,0.013681631730503043
2020-12-24,14423.083876670524,-0.0009343114895566103,0.014603160314337947
2020-12-28,14462.0993242696,0.002705069729379,0.01193759315187847
2020-12-29,14450.45992303151,-0.0008048209998501015,0.012732806526072242
2020-12-30,14723.857915483371,0.01891967410781942,0.0
2020-12-31,14609.434347969469,-0.00777130342948882,0.007771303429488854
2021-05-11,14631.028683088414,0.001478108912679922,0.006304681349671236
2021-05-12,14718.596635044432,0.005985085112794284,0.0003573302913638185
2021-05-13,14826.929689959168,0.007360284244545332,0.0
2021-05-14,14883.240431830229,0.0037978693531672066,0.0
2021-05-17,14986.613916395161,0.0069456302233652754,0.0
2021-05-18,14951.290436535055,-0.002357002059115068,0.0023570020591150787
2021-05-19,14908.628049933577,-0.0028534250459899225,0.005203701576396018
2021-05-20,14902.932856030024,-0.0003820065726020017,0.005583720300793994
2021-05-21,15020.656256237333,0.007899344467600931,0.0
2021-05-24,14972.121576437627,-0.003231195692901352,0.003231195692901383
2021-05-25,15069.537884631332,0.006506513301829949,0.0
2021-05-26,15001.211867177013,-0.004534048620296493,0.004534048620296551
2021-05-27,15085.337561253255,0.005607926534276188,0.0
2021-05-28,14984.1814084331,-0.006705594250669913,0.0067055942506699055
2021-05-31,14883.10497641104,-0.006745542466882743,0.013405903846769084
2021-06-01,15035.073951582992,0.010210838088746635,0.00333195127163511
2021-06-02,15283.098266389543,0.016496381434854053,0.0
2021-06-03,15094.49169192943,-0.012340859894547342,0.012340859894547349
2021-06-04,14921.543248462083,-0.011457718947887323,0.023657180738187643
2021-06-07,14767.214629145234,-0.010342671448059247,0.03375517373848443
2021-06-08,14802.672502123727,0.0024011212587452166,0.031435102744995363
2021-06-09,14742.573651765104,-0.004060000000000008,0.03536747622785074
2021-06-10,14682.718802738938,-0.00406,0.03928388427436561
2021-06-11,14682.718802738938,0.0,0.03928388427436561
2021-06-14,14682.718802738938,0.0,0.03928388427436561
2021-06-15,14682.718802738938,0.0,0.03928388427436561
2021-06-16,14689.331162039003,0.0004503497879991669,0.038851225975321195
2021-06-17,14706.411153016188,0.00116274803725058,0.037733652124818176
2021-06-18,14725.613191840766,0.0013056916894805966,0.03647722895133069
2021-06-21,14643.72991357294,-0.005560602278565631,0.041834995867473766
2021-06-22,14539.562572500574,-0.00711344320655736,0.04865084820688134
2021-06-23,14497.53954727585,-0.002890253748362679,0.05140048865885308
2021-06-24,14481.806594281297,-0.0010852153872902583,0.05242992344493651
2021-06-25,14466.138544892452,-0.0010819126251162584,0.05345511147394384
2021-06-28,14450.846567854742,-0.0010570876941524132,0.054455692427567634
2021-06-29,14454.812679748755,0.00027445533210732406,0.054196182750610625
2021-06-30,14430.87198552575,-0.0016562438236606292,0.055762664481324574
2021-07-01,14407.254887950856,-0.0016365676030236542,0.05730797271419986
2021-07-02,14425.250771012394,0.0012490847980061136,0.056130470433715655
2021-07-05,14401.941924933426,-0.0016158364557381988,0.057655609229049345
2021-07-06,14369.06949291539,-0.002282499970446701,0.05980651027313463
2021-07-07,14240.87382453526,-0.008921640224743604,0.06819457833012395
2021-07-08,14265.961813226,0.0017616888541992295,0.06655302710448577
2021-07-09,14281.820567709345,0.0011116498621663894,0.06551536090572678
2021-07-12,14246.119115925574,-0.0024997829663600114,0.06785136968885978
2021-07-13,14291.231533587186,0.0031666461086360836,0.06489958485601452
2021-07-14,14282.494617879429,-0.0006113479924542632,0.06547125661755593
2021-07-15,14284.442821482859,0.00013640499475422804,0.06534378222921715
2021-07-16,14323.492366706487,0.002733711472798928,0.06278870180357428
2021-07-19,14370.834831092418,0.0033052319346344445,0.05969100109127527
2021-07-20,14412.841308437486,0.002923036680804693,0.056942443396174346
2021-07-21,14513.622584986033,0.006992464177729312,0.05034814721408513
2021-07-22,14463.583341554868,-0.0034477431901067104,0.05362230292250003
2021-07-23,14486.919719892154,0.001613457591123955,0.05209536264307991
2021-07-26,14496.68785947929,0.0006742730529336755,0.05145621608935926
2021-07-27,14443.400640577347,-0.00367582025759769,0.0549428925454763
2021-07-28,14465.495375172623,0.0015297460165442616,0.05349719519994094
2021-07-29,14552.178629182392,0.005992415175670104,0.0478253574286428
2021-07-30,14691.3277818494,0.009562083878489832,0.038720583629404434
2021-08-02,14791.697860298591,0.006831926966682559,0.032153192862185244
2021-08-03,14947.82488304572,0.010555044067400732,0.02193752716235252
2021-08-04,15023.552940512272,0.005066158993636944,0.01698250716924724
2021-08-05,14956.067404567664,-0.004491982436633076,0.021398204481946057
2021-08-06,14984.154718136931,0.0018779878967842738,0.01956040215419183
2021-08-09,15037.645941651008,0.003569852588970493,0.016060377317492727
2021-08-10,15076.157468367135,0.002561007678034108,0.013540500389080804
2021-08-11,14951.846626608081,-0.008245525560467504,0.02167437740748859
2021-08-12,14860.930214300575,-0.006080614293201309,0.027623198171629636
2021-08-13,14793.382454741586,-0.00454532513005057,0.03204296688485839
2021-08-16,14875.019198913757,0.005518463706453041,0.02670133112820653
2021-08-17,14700.984695338613,-0.011699783458958614,0.038088714794899205
2021-08-18,14673.103685606255,-0.0018965402869372712,0.03991301829975032
2021-08-19,14629.598565728735,-0.00296495689049048,0.04275963481161271
2021-08-20,14691.014092782461,0.004198032282143309,0.03874110885678121
2021-08-23,14587.757064677022,-0.007028584102724978,0.045497397817673486
2021-08-24,14440.438040681564,-0.010098812541386365,0.05513674066737832
2021-08-25,14418.698764393765,-0.0015054443796341597,0.0565591797506634
2021-08-26,14385.831404495782,-0.00227949556579592,0.05870974891701259
2021-08-27,14380.753901428714,-0.0003529516594697738,0.059041978873175
2021-08-30,14333.883807167891,-0.0032592237223506874,0.06210877157736766
2021-08-31,14290.931719452223,-0.0029965421998320845,0.06491920222218843
2021-09-01,14289.802786154074,-7.899647974751648e-05,0.06499307031349237
2021-09-02,14280.948144923823,-0.0006196475460691228,0.06557244506303019
2021-09-03,14226.892718191793,-0.0037851427078560533,0.06910938670861966
2021-09-06,14229.964516725053,0.0002159149291490326,0.06890839352780534
2021-09-07,14202.261227046589,-0.0019468277412711223,0.07072106849695009
2021-09-08,14177.071468769338,-0.0017736442017612867,0.07236927868562944
2021-09-09,14148.872142645818,-0.0019890797747362608,0.0742144101918199
2021-09-10,14083.394601186446,-0.004627756954705714,0.07849872089362106
2021-09-13,14014.97072763539,-0.004858478760887171,0.08297581528628974
2021-09-14,14059.75918286868,0.0031957580293032963,0.08004522788492564
2021-09-15,14033.593607890689,-0.001861025828228534,0.08175728747663383
2021-09-16,14019.34682014115,-0.0010151916998314674,0.08268947985681827
2021-09-17,13989.293021307041,-0.0021437374522279653,0.0846559527741719
2021-09-20,13990.353174163807,7.578316181889566e-05,0.08458658510812102
2021-09-21,13997.15906013287,0.00048646991854581526,0.0841412640187428
2021-09-22,13988.363916814164,-0.0006283520306457272,0.0847167457152813
2021-09-23,13981.229261121207,-0.0005100421847318318,0.0851835787859452
2021-09-24,13981.229261121207,0.0,0.0851835787859452
2021-09-27,13981.229261121207,0.0,0.0851835787859452
2021-09-28,13981.229261121207,0.0,0.0851835787859452
2021-09-29,13981.229261121207,0.0,0.0851835787859452
2021-09-30,13981.229261121207,0.0,0.0851835787859452
2021-10-01,13976.015011889458,-0.00037294640795635845,0.08552475628417643
2021-10-04,13968.170170273583,-0.0005613074692035561,0.0860380580688759
2021-10-05,13960.203841572735,-0.0005703201352601783,0.08655930896722075
2021-10-06,13862.72488721513,-0.006982631160966034,0.09293752840012064
2021-10-07,13765.589759033108,-0.007006928938740311,0.0992932506816191
2021-10-08,13751.637692399785,-0.0010135465953550885,0.10020615894080409
2021-10-11,13751.637692399785,0.0,0.10020615894080409
2021-10-12,13751.637692399785,0.0,0.10020615894080409
2021-10-13,13751.637692399785,0.0,0.10020615894080409
2021-10-14,13751.637692399785,0.0,0.10020615894080409
2021-10-15,13734.034148608243,-0.0012801052634822162,0.10135798977279285
2021-10-18,13732.301067732293,-0.00012618876997080422,0.10147138830270756
2021-10-19,13732.0287200918,-1.983262958990092e-05,0.10148920848783931
2021-10-20,13771.862884770078,0.002900821538480856,0.0988827890312634
2021-10-21,13855.200753448571,0.0060513141450640965,0.09342984570616755
2021-10-22,13886.286474821198,0.002243613927058394,0.09139585228213847
2021-10-25,13922.507889410399,0.0026084306020100574,0.08902582141811798
2021-10-26,13963.28183401122,0.002928635050861415,0.0863579105082934
2021-10-27,13948.606143412457,-0.0010510201522265538,0.08731816675627152
2021-10-28,13933.862600479619,-0.0010569904104576972,0.08828286270180906
2021-10-29,13919.101224778151,-0.0010593886364976821,0.08924872547676295
2021-11-01,13904.32336605461,-0.0010616963326075507,0.09021566676484195
2021-11-02,13889.56236547514,-0.001061612290714299,0.09118150499490375
2021-11-03,13911.157364457611,0.0015547645357170052,0.08976850622946608
2021-11-04,13908.672979871735,-0.00017858935247355023,0.08993106388253957
2021-11-05,13934.06991601519,0.0018259783791170928,0.08826929768168301
2021-11-08,13988.660462691545,0.003917774706556489,0.08469734219694931
2021-11-09,14014.08809022682,0.0018177314120313424,0.08303356780434495
2021-11-10,14000.58649674269,-0.0009634300424832498,0.08391700081307087
2021-11-11,14001.71882314464,8.087706912943857e-05,0.0838429107050173
2021-11-12,13972.728030182392,-0.0020705167221560634,0.08573982927852435
2021-11-15,14025.409054427584,0.003770274790391446,0.08229281720499422
2021-11-16,14061.023952981219,0.0025393126443176415,0.07996247175194177
2021-11-17,14076.389961894323,0.0010928086720062358,0.07895704676250116
2021-11-18,14148.86598540304,0.005148764967787413,0.07421481307104447
2021-11-19,14192.134903135098,0.003058119129596502,0.0713836516809999
2021-11-22,14222.0964534549,0.0021111376494302924,0.0694232147461872
2021-11-23,14219.394138830767,-0.00019000817727382423,0.06960003194496663
2021-11-24,14307.14214691433,0.006171008921114216,0.06385852544189469
2021-11-25,14280.107581384214,-0.001889585303096008,0.06562744461383833
2021-11-26,14222.130344603795,-0.004060000000000008,0.06942099718870615
2021-11-29,14164.388495404703,-0.004059999999999999,0.07319914794012004
2021-11-30,14106.88107811336,-0.004060000000000012,0.07696195939948314
2021-12-01,14049.60714093622,-0.004060000000000005,0.08070949384432125
2021-12-02,13992.565735944017,-0.004060000000000009,0.08444181329931336
2021-12-03,13935.755919056084,-0.004060000000000015,0.08815897953731819
2021-12-06,13879.176750024717,-0.004060000000000004,0.09186105408039665
2021-12-07,13911.630653861213,0.0023383161999460168,0.08973753807135096
2021-12-08,13855.149433406537,-0.004059999999999998,0.09343320366678125
2021-12-09,13855.149433406537,0.0,0.09343320366678125
2021-12-10,13855.149433406537,0.0,0.09343320366678125
2021-12-13,13855.149433406537,0.0,0.09343320366678125
2021-12-14,13855.149433406537,0.0,0.09343320366678125
2021-12-15,13826.745413512283,-0.0020500695449570164,0.0952917286464132
2021-12-16,13795.466775237355,-0.0022621837127600555,0.09733834496266859
2021-12-17,13740.929481279836,-0.003953276452770173,0.10090681602834622
2021-12-20,13722.851677710223,-0.0013156172291140284,0.10208967851175835
2021-12-21,13716.920956706776,-0.0004321784671826397,0.1024777360181666
2021-12-22,13723.55813544707,0.0004838679730854641,0.10204345373949467
2021-12-23,13728.868766648146,0.00038697188795074863,0.10169596979949055
2021-12-27,13740.717534645722,0.0008630549391193415,0.1009206840693952
2021-12-28,13751.439881202412,0.0007803338166041785,0.10021910207536523
2021-12-29,13715.555053080714,-0.0026095324149110416,0.10256710949481732
2021-12-30,13685.45879000632,-0.0021943160854896605,0.10453636092210034
2021-12-31,13655.925955565284,-0.0021579718220774216,0.10646874622292535
2022-05-10,13637.304460400455,-0.0013636201034936378,0.10768718340367561
2022-05-11,13568.216256709307,-0.0050661187400900184,0.11220774608585676
2022-05-12,13550.09227954358,-0.0013357671209555484,0.11339362978887434
2022-05-13,13496.340853503263,-0.003966867895170371,0.11691068013451836
2022-05-16,13446.55789437857,-0.003688626396225877,0.12016806670999931
2022-05-17,13349.131548958572,-0.007245448700349385,0.1265428438475812
2022-05-18,13329.543424122041,-0.001467370724806463,0.1278245293078919
2022-05-19,13224.750680851388,-0.007861690377257284,0.13468130281311186
2022-05-20,13158.04888202225,-0.005043709362757076,0.13904571882788205
2022-05-23,13127.480233506707,-0.002323190070931382,0.14104587926542697
2022-05-24,13158.894984398334,0.002393052614274228,0.1389903568612615
2022-05-25,13206.827137666582,0.003642566744781928,0.1358540717682277
2022-05-26,13237.069164279397,0.002289878280193667,0.13387528277625194
2022-05-27,13183.326663472422,-0.00406,0.1373917491281804
2022-05-30,13129.802357218725,-0.004059999999999996,0.14089393862671992
2022-05-31,13076.495359648417,-0.004060000000000003,0.14438190923589542
2022-06-01,13214.858853861482,0.010581083876650016,0.13532854245114126
2022-06-02,13266.491458186603,0.0039071627549040686,0.1319501303369778
2022-06-03,13212.629502866366,-0.00406000000000001,0.13547441280780964
2022-06-06,13158.986227084728,-0.004060000000000008,0.13898438669180999
2022-06-07,13105.560743002763,-0.0040600000000000115,0.1424801100818413
2022-06-08,13045.087088439079,-0.004614350789680763,0.14643700766305212
2022-06-09,12997.44263630796,-0.003652290843910301,0.14955446796466504
2022-06-10,12949.743029135905,-0.003669922499892942,0.15267553715761498
